Label,# Samples,Average,Min,Max,Std. Dev.,Error %,Throughput,Received KB/sec,Sent KB/sec,Avg. Bytes
32 /sign-in,180,7730,156,16943,5463.84,7.222%,2.47243,24.07,1.06,9969.2
SignInPage,180,7730,156,16943,5463.84,7.222%,2.47236,24.07,1.06,9969.2
39 /sign-in,180,30673,60,55002,15129.14,13.889%,1.84090,22.49,6.21,12509.8
69 /two-factor,180,17898,71,55040,16836.54,16.111%,1.88178,24.64,7.28,13405.8
UserSignIn,180,48572,168,80535,20482.19,16.111%,1.78020,45.05,12.89,25915.6
TOTAL,900,22521,60,80535,20955.36,12.111%,8.86962,124.33,27.22,14353.9
