Label,# Samples,Average,Min,Max,Std. Dev.,Error %,Throughput,Received KB/sec,Sent KB/sec,Avg. Bytes
32 /sign-in,150,4794,111,10164,2949.77,0.000%,2.15654,22.57,0.93,10717.3
SignInPage,150,4794,111,10164,2949.77,0.000%,2.15638,22.57,0.93,10717.3
39 /sign-in,150,20735,5327,32892,7659.25,0.000%,1.80260,25.29,6.62,14365.8
69 /two-factor,150,14613,1754,33697,10666.89,0.000%,1.88350,29.23,8.24,15891.4
UserSignIn,150,35348,15641,54959,11252.16,0.000%,1.76539,52.16,14.20,30257.2
TOTAL,750,16057,111,54959,13901.76,0.000%,8.80261,140.89,29.84,16389.8
