Label,# Samples,Average,Min,Max,Std. Dev.,Error %,Throughput,Received KB/sec,Sent KB/sec,Avg. Bytes
32 /sign-in,100,5697,145,10856,3508.20,0.000%,3.47476,36.37,1.49,10717.1
SignInPage,100,5697,145,10856,3508.20,0.000%,3.47427,36.36,1.49,10717.1
39 /sign-in,100,31817,14864,43074,6900.36,0.000%,1.86306,26.14,6.84,14366.3
69 /two-factor,100,11242,4067,37397,8917.04,0.000%,2.14634,77.49,9.39,36968.9
UserSignIn,100,43059,33089,54016,6511.38,0.000%,1.62705,81.57,13.09,51335.3
TOTAL,500,19502,145,54016,16432.41,0.000%,7.97868,193.40,27.05,24821.0
