Label,# Samples,Average,Min,Max,Std. Dev.,Error %,Throughput,Received KB/sec,Sent KB/sec,Avg. Bytes
32 /sign-in,200,7279,153,18467,3711.75,0.000%,2.18972,28.30,4.17,13232.0
SignInPage,200,7279,153,18467,3711.75,0.000%,2.18953,28.29,4.17,13232.0
39 /sign-in,200,25126,5248,58751,19440.71,0.000%,2.06243,30.32,8.13,15056.1
69 /two-factor,200,9414,1896,53423,10534.12,0.000%,2.50966,38.23,9.22,15599.0
UserSignIn,200,34541,8702,75388,25105.93,0.000%,2.02263,60.55,15.41,30655.1
TOTAL,1000,16728,153,75388,18797.02,0.000%,9.98034,171.10,38.02,17554.8
